cod_mun;pop2021
110001;22516
110002;111148
110003;5067
110004;86416
110005;16088
110006;15213
110007;7052
110008;19255
110009;33009
110010;46930
110011;51469
110012;131026
110013;41724
110014;20504
110015;35445
110018;37098
110020;548952
110025;18165
110026;3843
110028;55748
110029;5942
110030;104517
110032;23147
110033;32184
110034;13807
110037;13268
110040;22258
110045;41043
110050;8125
110060;6307
110070;14391
110080;28068
110090;2923
110092;11755
110094;27131
110100;7130
110110;10819
110120;9461
110130;10691
110140;16158
110143;6822
110145;6319
110146;2127
110147;2697
110148;4962
110149;21088
110150;11846
110155;4160
110160;10348
110170;11081
110175;11545
110180;6490
120001;15721
120005;7649
120010;27123
120013;10572
120017;12280
120020;89760
120025;18979
120030;34986
120032;8628
120033;19643
120034;9701
120035;19727
120038;20147
120039;12497
120040;419452
120042;19767
120043;6893
120045;23446
120050;47168
120060;43730
120070;19866
120080;19141
130002;16396
130006;11934
130008;14292
130010;21937
130014;22739
130020;20868
130030;41005
130040;27772
130050;32919
130060;44873
130063;20503
130068;20040
130070;34958
130080;42328
130083;13482
130090;15981
130100;28719
130110;38820
130115;31459
130120;86713
130130;29691
130140;36121
130150;20748
130160;16409
130165;17193
130170;57195
130180;31172
130185;49718
130190;104046
130195;7777
130200;9312
130210;1755
130220;15495
130230;13462
130240;47685
130250;99613
130255;33981
130260;2255903
130270;57405
130280;18298
130290;66159
130300;21710
130310;38665
130320;20395
130330;26443
130340;116439
130350;19616
130353;38095
130356;34856
130360;26566
130370;20889
130380;47031
130390;40837
130395;14678
130400;9289
130406;68502
130410;16876
130420;59250
130423;19038
130426;13839
130430;16007
130440;24098
140002;13561
140005;15249
140010;436591
140015;12701
140017;19257
140020;22635
140023;10595
140028;12637
140030;18482
140040;11772
140045;20108
140047;31387
140050;8492
140060;8232
140070;11014
150010;160439
150013;7536
150020;55744
150030;39910
150034;27797
150040;57390
150050;34044
150060;117320
150070;30091
150080;540410
150085;29312
150090;46937
150095;32200
150100;16421
150110;31967
150120;49454
150125;3239
150130;129333
150140;1506420
150145;17944
150150;64780
150157;17254
150160;16769
150170;130122
150172;14883
150175;7357
150178;68597
150180;104280
150190;29717
150195;35307
150200;24355
150210;140814
150215;39103
150220;69828
150230;54545
150240;205667
150250;24175
150260;12175
150270;48115
150275;34236
150276;14044
150277;17764
150280;35530
150285;14776
150290;41093
150293;61206
150295;34069
150300;6949
150304;20742
150307;26155
150309;41678
150310;34127
150320;39234
150330;63367
150340;12009
150345;67170
150350;32639
150360;101541
150370;53439
150375;6952
150380;60517
150390;59961
150400;29623
150405;30389
150410;8598
150420;287664
150430;29559
150440;28563
150442;135812
150445;32347
150450;28121
150460;31917
150470;84251
150475;16282
150480;58289
150490;41454
150495;21519
150497;17027
150500;15646
150503;25769
150506;78488
150510;52473
150520;33182
150530;74921
150540;18079
150543;33831
150548;49110
150549;7575
150550;115838
150553;218787
150555;5339
150560;8084
150563;12976
150565;32325
150570;32007
150580;63831
150590;42456
150600;29827
150610;10889
150611;13794
150613;86326
150616;18208
150618;53242
150619;52473
150620;41164
150630;24392
150635;21811
150640;10496
150650;72856
150655;19839
150658;22244
150660;25127
150670;75995
150680;308339
150690;6796
150700;32346
150710;18207
150715;25945
150720;32285
150730;135732
150740;15978
150745;24566
150746;6294
150747;23440
150750;14105
150760;60268
150770;27302
150775;6088
150780;11305
150790;25752
150795;111554
150796;11971
150797;19063
150800;64604
150803;31549
150805;19344
150808;40661
150810;116605
150812;62286
150815;45395
150820;54650
150830;62093
150835;15421
150840;45416
160005;5577
160010;9265
160015;17625
160020;11493
160021;6217
160023;8151
160025;5730
160027;52302
160030;522357
160040;22468
160050;28534
160053;22927
160055;5370
160060;124808
160070;18217
160080;16572
170025;2609
170030;7049
170035;5303
170040;6905
170070;8381
170100;9435
170105;3475
170110;4901
170130;5705
170190;7223
170200;8418
170210;186245
170215;5856
170220;36573
170230;6590
170240;10502
170255;18870
170270;3809
170290;9817
170300;10668
170305;3631
170307;4673
170310;5669
170320;4439
170330;5120
170360;2221
170370;5540
170380;11644
170382;2293
170384;10505
170386;4499
170388;2627
170389;4165
170390;5514
170410;2966
170460;1415
170510;3330
170550;36271
170555;4870
170560;4070
170600;5690
170610;7268
170625;1749
170650;6250
170700;22704
170710;6986
170720;7173
170730;4686
170740;11280
170755;3824
170765;5222
170770;8892
170820;18358
170825;2615
170830;5136
170900;13169
170930;26403
170950;88428
170980;2088
171050;7471
171070;5801
171090;3814
171110;2412
171150;3906
171180;2174
171190;13989
171195;4470
171200;3199
171215;1984
171240;3727
171245;3200
171250;5332
171270;2773
171280;3470
171320;17628
171330;13551
171360;8182
171370;2311
171380;6830
171395;3623
171420;9256
171430;3772
171488;12014
171500;4348
171510;4450
171515;2332
171525;2768
171550;1124
171570;6234
171575;7694
171610;52521
171620;10426
171630;4885
171650;13964
171660;11996
171665;5546
171670;8078
171700;4414
171720;3038
171750;7830
171780;4586
171790;8192
171800;3200
171820;53618
171830;8563
171840;3668
171845;2746
171850;4389
171855;4723
171865;2211
171870;2879
171875;6498
171880;4876
171884;3371
171886;7678
171888;3537
171889;2407
171890;4864
171900;2928
172000;2530
172010;5457
172015;1610
172020;12445
172025;3106
172030;4898
172049;3848
172065;5452
172080;8965
172085;2007
172090;16966
172093;2183
172097;2831
172100;313349
172110;7688
172120;22820
172125;1952
172130;2785
172208;11783
172210;11500
210005;113783
210010;6631
210015;12731
210020;22126
210030;26979
210040;8250
210043;28066
210047;31967
210050;11233
210055;7047
210060;42017
210070;27170
210080;16054
210083;17582
210087;15675
210090;47095
210095;32825
210100;30014
210110;12234
210120;105094
210125;17446
210130;18726
210135;5696
210140;96951
210150;19026
210160;88895
210170;63891
210173;7586
210177;11347
210180;5643
210190;21317
210193;6102
210197;8494
210200;42010
210203;35095
210207;16578
210210;36900
210215;8841
210220;28916
210230;23993
210232;73595
210235;15503
210237;9524
210240;11255
210250;19521
210255;14530
210260;20376
210270;22236
210275;10937
210280;24151
210290;24095
210300;166159
210310;10711
210312;8806
210315;13876
210317;22056
210320;80705
210325;14855
210330;123368
210340;49804
210350;41443
210355;16559
210360;65788
210370;32559
210375;12923
210380;23393
210390;11451
210400;16971
210405;43097
210407;8506
210408;10559
210409;19425
210410;12662
210420;17812
210430;12104
210440;17953
210450;10931
210455;18740
210460;14703
210462;7878
210465;10121
210467;25502
210470;6261
210480;70692
210490;11966
210500;29143
210510;27423
210515;14470
210520;11453
210530;259980
210535;16158
210540;69233
210542;26134
210545;10464
210547;17123
210550;23677
210560;16228
210565;4334
210570;50959
210580;10900
210590;16369
210592;11280
210594;8841
210596;11534
210598;7653
210600;11943
210610;12271
210620;7016
210630;20228
210632;21773
210635;7757
210637;16754
210640;17122
210650;23591
210660;34099
210663;17316
210667;8502
210670;21045
210675;29121
210680;15059
210690;33888
210700;9064
210710;19708
210720;14826
210725;5469
210730;4682
210735;21228
210740;19616
210745;14968
210750;125265
210760;19840
210770;21571
210780;35108
210790;19253
210800;19693
210805;16295
210810;21092
210820;39153
210825;25560
210830;38987
210840;14371
210845;23530
210850;33186
210860;84160
210870;21274
210880;18814
210890;17321
210900;24294
210905;5936
210910;48264
210920;12939
210923;7124
210927;19217
210930;11328
210940;15545
210945;31586
210950;20288
210955;7859
210960;43243
210970;5686
210975;7878
210980;42829
210990;89927
211000;73105
211003;25487
211010;25884
211020;38732
211023;13704
211027;16219
211030;14516
211040;18769
211050;45989
211060;28825
211065;7448
211070;34391
211080;4540
211085;12082
211090;12226
211100;20736
211102;15768
211105;11207
211107;18746
211110;26063
211120;180345
211125;7639
211130;1115932
211140;18600
211150;41750
211153;12779
211157;4700
211160;19090
211163;5028
211167;6856
211170;22452
211172;14274
211174;11285
211176;13981
211178;10343
211180;18237
211190;10631
211195;5692
211200;8642
211210;29241
211220;171317
211223;22223
211227;5868
211230;42242
211240;35811
211245;26112
211250;59927
211260;33791
211270;57813
211280;52852
211285;13800
211290;32956
211300;31520
211400;52190
220005;7119
220010;5123
220020;17525
220025;7678
220027;4921
220030;14371
220040;40681
220045;5469
220050;17609
220060;6779
220070;9994
220080;3175
220090;5819
220095;2551
220100;4713
220105;7879
220110;11361
220115;11751
220117;3953
220120;47298
220130;3356
220140;7022
220150;26951
220155;4044
220157;3607
220160;10479
220170;5512
220173;6214
220177;6848
220180;4509
220190;25584
220191;5670
220192;5700
220194;6443
220196;8364
220198;3824
220200;19832
220202;8282
220205;10671
220207;3586
220208;7704
220209;5786
220210;5628
220211;5093
220213;5987
220217;7342
220220;46950
220225;3938
220230;21326
220240;11471
220245;4127
220250;11009
220253;5910
220255;5102
220260;19716
220265;5477
220270;27901
220271;4908
220272;6180
220273;4044
220275;6545
220277;7665
220280;4811
220285;4688
220290;26771
220300;8350
220310;10464
220320;11461
220323;4982
220325;4475
220327;5390
220330;13862
220335;7046
220340;6940
220342;4352
220345;9574
220350;14550
220360;4943
220370;39953
220375;5330
220380;4461
220385;2561
220390;60111
220400;5345
220410;4300
220415;3216
220420;9423
220430;11690
220435;5477
220440;10698
220450;10496
220455;4573
220460;3880
220465;9487
220470;15330
220480;9863
220490;8582
220500;11571
220510;11037
220515;5718
220520;19233
220525;4522
220527;4885
220530;4443
220535;3003
220540;14396
220545;5488
220550;39457
220551;5491
220552;5653
220553;4790
220554;2870
220555;8610
220556;4658
220557;6795
220558;4086
220559;5219
220560;5272
220570;30558
220580;25521
220585;8372
220590;5352
220595;8590
220600;4546
220605;6456
220610;10979
220620;33901
220630;1239
220635;6603
220640;10563
220650;7785
220660;10618
220665;4527
220667;6825
220669;9258
220670;7307
220672;8632
220675;4911
220680;8751
220690;6548
220695;3014
220700;37138
220710;2477
220720;6879
220730;4124
220735;3416
220740;5029
220750;14633
220755;3931
220760;10846
220770;153863
220775;4331
220777;6420
220779;4084
220780;20583
220785;3662
220790;38812
220793;2551
220795;4392
220800;78627
220810;12150
220820;18492
220830;28952
220840;63829
220850;12646
220855;2728
220860;3149
220865;9041
220870;8814
220880;17979
220885;4306
220887;4499
220890;7408
220900;6434
220910;6254
220915;4046
220920;6256
220930;5903
220935;4650
220937;5254
220940;6466
220945;2172
220950;3809
220955;4454
220960;2923
220965;5801
220970;6417
220975;3071
220980;5044
220985;4619
220987;6084
220990;6106
220995;4856
220997;8085
221000;20720
221005;5361
221010;3737
221020;6696
221030;6379
221035;4581
221037;2648
221038;2456
221039;3037
221040;17617
221050;14356
221060;35035
221062;3434
221063;4311
221065;10074
221070;14664
221080;12778
221090;4557
221093;6801
221095;2939
221097;2781
221100;871126
221110;44649
221120;21746
221130;20940
221135;4930
221140;4382
221150;3082
221160;2935
221170;4479
230010;11965
230015;15140
230020;63556
230030;54687
230040;17584
230050;11846
230060;7712
230070;16077
230075;44195
230080;7402
230090;14742
230100;81581
230110;75392
230120;26600
230125;10983
230130;21707
230140;11759
230150;7848
230160;23537
230170;24567
230180;6318
230185;18313
230190;61662
230195;22715
230200;22834
230205;15069
230210;36127
230220;54315
230230;32851
230240;54680
230250;50195
230260;64147
230270;27513
230280;77484
230290;17830
230300;23011
230310;18470
230320;27008
230330;18700
230340;17763
230350;72706
230360;21041
230365;10410
230370;368918
230380;25612
230390;13112
230393;13608
230395;20286
230400;23340
230410;75241
230420;133913
230423;18201
230425;25121
230426;9698
230427;7254
230428;55035
230430;19330
230435;24680
230440;2703391
230445;16776
230450;14195
230460;7767
230465;14415
230470;55170
230480;4784
230490;11219
230495;26508
230500;40921
230510;5073
230520;20126
230523;69688
230526;13385
230530;25165
230533;12730
230535;20183
230540;68303
230550;103633
230560;26196
230565;11597
230570;12507
230580;42148
230590;38064
230600;14351
230610;24450
230620;7904
230625;38661
230630;53448
230640;131687
230650;20653
230655;42595
230660;22018
230670;18133
230680;11580
230690;34592
230700;33960
230710;27187
230720;8150
230725;20351
230730;278264
230740;24949
230750;31476
230760;60232
230763;20031
230765;230986
230770;131677
230780;27822
230790;11407
230800;39341
230810;48370
230820;15309
230830;27413
230835;13129
230837;13965
230840;35566
230850;43917
230860;17264
230870;61590
230880;8833
230890;22830
230900;14561
230910;11056
230920;15798
230930;32487
230940;28737
230945;25958
230950;21342
230960;74145
230970;85647
230980;12313
230990;6565
231000;9458
231010;13553
231020;35526
231025;33232
231030;31391
231040;12276
231050;43359
231060;9207
231070;38045
231080;16356
231085;20964
231090;17210
231095;11052
231100;12358
231110;14920
231120;11165
231123;6455
231126;21246
231130;88899
231135;16116
231140;82455
231150;22432
231160;29238
231170;18279
231180;79550
231190;15757
231195;16714
231200;32851
231210;17726
231220;43719
231230;48354
231240;49306
231250;7557
231260;13086
231270;25418
231280;7758
231290;212437
231300;18389
231310;32079
231320;26199
231325;8555
231330;59259
231335;19551
231340;77111
231350;56653
231355;16588
231360;35295
231370;7740
231375;19976
231380;22223
231390;13988
231395;18520
231400;41078
231410;61916
240010;11106
240020;58743
240030;11024
240040;3293
240050;13529
240060;4685
240070;14923
240080;11695
240090;7162
240100;35904
240110;28156
240120;14526
240130;9686
240140;9373
240145;29112
240150;3989
240160;5552
240165;2171
240170;10323
240180;12873
240185;6572
240190;3745
240200;68726
240210;11363
240220;34814
240230;20588
240240;8297
240250;10972
240260;74268
240270;11182
240280;5501
240290;4918
240300;7968
240310;45022
240320;7068
240325;272490
240330;5697
240340;6064
240350;10463
240360;29282
240370;6009
240375;3081
240380;9772
240390;2801
240400;4015
240410;2903
240420;27004
240430;13115
240440;10541
240450;16261
240460;14033
240470;15759
240480;2264
240485;7641
240490;5916
240500;9341
240510;6907
240520;5228
240530;10367
240540;4935
240550;2600
240560;15044
240570;12397
240580;35360
240590;2653
240600;5941
240610;18335
240615;3945
240620;6851
240630;7624
240640;2732
240650;15880
240660;8348
240670;11410
240680;4768
240690;4053
240700;10175
240710;82828
240720;32260
240725;4102
240730;8325
240740;8790
240750;12714
240760;4665
240770;11166
240780;22698
240790;2063
240800;303792
240810;896708
240820;28266
240830;37554
240840;4231
240850;4813
240860;4298
240870;3732
240880;5307
240890;21611
240895;10961
240910;13667
240920;3114
240930;12861
240933;5689
240940;30802
240950;3163
240960;2419
240970;6591
240980;14881
240990;15411
241000;3900
241010;15646
241020;7944
241025;6605
241030;10646
241040;9825
241050;5158
241060;3214
241070;3648
241080;4194
241090;8310
241100;4457
241105;4173
241110;3584
241120;40295
241140;11808
241142;2699
241150;24422
241160;2687
241170;4541
241180;3606
241190;4281
241200;104919
241210;6221
241220;44566
241230;12901
241240;4696
241250;23789
241255;10441
241260;17858
241270;5889
241280;8183
241290;11051
241300;6476
241310;6167
241320;4527
241330;5739
241335;12225
241340;8105
241350;6128
241355;4832
241360;1743
241370;5600
241380;2606
241390;12314
241400;16008
241410;10923
241415;6085
241420;14694
241430;2427
241440;33716
241445;3195
241450;10485
241460;14937
241470;5529
241475;4232
241480;12789
241490;1731
241500;3217
250010;10375
250020;5622
250030;28384
250040;20992
250050;14629
250053;5527
250057;2588
250060;19865
250070;18020
250073;2264
250077;8482
250080;16857
250090;13613
250100;20610
250110;22493
250115;2105
250120;7054
250130;19081
250135;4067
250140;9197
250150;21220
250153;5033
250157;8338
250160;15607
250170;6095
250180;97519
250190;17733
250200;7356
250205;3571
250210;5248
250215;7218
250220;2588
250230;4937
250240;12126
250250;17934
250260;6092
250270;5311
250280;14287
250290;6479
250300;22079
250310;5710
250320;69773
250330;10364
250340;3708
250350;17169
250355;7225
250360;7182
250370;62576
250375;3217
250380;6077
250390;6048
250400;413830
250403;6715
250407;4206
250410;2714
250415;7530
250420;4938
250430;30819
250435;4898
250440;19030
250450;6662
250460;25341
250470;4787
250480;15438
250485;1948
250490;17599
250500;7866
250510;20331
250520;6748
250523;6360
250527;5209
250530;2508
250535;5409
250540;8332
250550;3850
250560;6506
250570;10375
250580;3569
250590;3556
250600;33386
250610;11180
250620;2989
250625;8292
250630;59389
250640;14125
250650;3477
250660;5877
250670;11877
250680;18184
250690;24363
250700;24960
250710;18978
250720;11069
250730;14467
250740;7751
250750;825796
250760;8014
250770;18422
250780;7238
250790;10830
250800;9831
250810;4640
250820;7754
250830;27728
250840;2698
250850;7274
250855;4406
250860;13344
250870;3988
250880;5745
250890;45385
250900;10988
250905;8746
250910;21895
250915;6689
250920;14077
250930;8642
250933;4528
250937;2944
250939;6690
250940;13238
250950;5806
250960;4867
250970;33638
250980;9962
250990;10449
251000;7271
251010;10614
251020;5892
251030;5011
251040;6399
251050;3989
251060;3052
251065;1747
251070;2453
251080;108766
251090;12411
251100;3802
251110;7954
251120;28607
251130;16147
251140;18737
251150;12036
251160;6518
251170;4937
251180;10590
251190;19478
251200;18848
251203;3877
251207;4366
251210;32803
251220;4265
251230;23749
251240;13801
251250;44388
251260;2009
251270;19973
251272;6139
251274;3650
251275;4562
251276;4571
251278;1999
251280;8555
251290;24258
251300;3975
251310;12123
251315;6526
251320;6579
251330;5853
251335;3591
251340;15470
251350;5098
251360;6942
251365;2640
251370;138093
251380;4550
251385;2496
251390;34650
251392;4602
251394;2645
251396;3119
251398;3377
251400;4170
251410;4408
251420;7622
251430;6394
251440;4631
251445;6037
251450;20406
251455;3898
251460;3619
251465;1821
251470;4153
251480;3607
251490;7682
251500;7450
251510;11793
251520;3534
251530;52977
251540;10919
251550;13807
251560;3114
251570;2921
251580;7001
251590;6037
251593;5152
251597;7845
251600;26051
251610;15211
251615;3631
251620;69997
251630;17096
251640;11024
251650;15505
251660;14791
251670;15333
251675;3103
251680;9473
251690;15356
251700;9914
251710;2870
251720;5395
251740;2269
260005;100698
260010;37546
260020;19981
260030;25240
260040;37386
260050;43923
260060;14798
260070;38408
260080;22996
260090;22910
260100;11301
260105;20936
260110;85301
260120;75295
260130;14632
260140;42866
260150;12169
260160;20730
260170;76930
260180;12811
260190;60960
260200;38605
260210;48975
260220;40038
260230;38101
260240;8981
260250;7489
260260;51696
260270;13224
260280;59448
260290;210796
260300;34778
260310;20618
260320;29065
260330;10983
260340;5744
260345;159945
260350;19032
260360;8592
260370;24743
260380;20048
260390;19666
260392;13117
260400;85131
260410;369343
260415;14395
260420;43778
260430;11972
260440;13641
260450;21929
260460;26755
260470;18327
260480;12543
260490;9494
260500;24237
260510;37633
260515;19246
260520;69701
260530;31709
260540;22360
260545;3140
260550;12216
260560;22612
260570;33488
260580;15633
260590;31578
260600;141347
260610;30847
260620;80345
260630;7586
260640;85309
260650;19284
260660;29585
260670;7773
260680;119690
260690;12265
260700;24034
260710;4537
260720;99101
260730;31515
260740;5013
260750;26268
260760;27076
260765;36495
260770;13492
260775;27144
260780;17056
260790;711330
260795;11632
260800;17305
260805;14904
260810;33570
260820;15999
260825;11545
260830;15007
260840;15483
260845;18429
260850;21490
260860;13300
260870;16345
260875;26090
260880;40883
260890;56149
260900;25565
260910;16549
260915;22110
260920;11098
260930;15548
260940;63792
260950;32673
260960;393734
260970;23985
260980;15309
260990;70466
261000;63745
261010;7509
261020;26438
261030;11608
261040;22198
261050;28856
261060;57346
261070;336919
261080;22716
261090;68067
261100;37246
261110;359372
261120;11308
261130;27204
261140;15231
261150;26309
261153;6796
261160;1661017
261170;20744
261180;47813
261190;23719
261200;9600
261210;11214
261220;61561
261230;15880
261240;27308
261245;15713
261247;12708
261250;111812
261255;14645
261260;42266
261270;14308
261280;11914
261290;16239
261300;60567
261310;37488
261320;23002
261330;21439
261340;21868
261350;34082
261360;34210
261370;114910
261380;18150
261390;87467
261400;19226
261410;36189
261420;46845
261430;11269
261440;6034
261450;66192
261460;28860
261470;12843
261480;26439
261485;23852
261500;29472
261510;7227
261520;10314
261530;52587
261540;47088
261550;13856
261560;31103
261570;15232
261580;27793
261590;8266
261600;18835
261610;9572
261618;7526
261620;21172
261630;32897
261640;140389
261650;14789
270010;20263
270020;17507
270030;234309
270040;47540
270050;16201
270060;8434
270070;18440
270080;4226
270090;6717
270100;27429
270110;10426
270120;10920
270130;21397
270135;6972
270140;57997
270150;9576
270160;17715
270170;16907
270180;9568
270190;7311
270200;10594
270210;21935
270220;5882
270230;57647
270235;24396
270240;52501
270250;11059
270255;18304
270260;22192
270270;4803
270280;12823
270290;41549
270300;15637
270310;25596
270320;24670
270330;18398
270340;5185
270350;6992
270360;8444
270370;5751
270375;11495
270380;24167
270390;4119
270400;24716
270410;17692
270420;28904
270430;1031597
270440;19923
270450;33351
270460;8850
270470;52848
270480;13123
270490;3474
270500;25200
270510;24627
270520;18201
270530;5315
270540;7171
270550;28428
270560;12837
270570;21690
270580;9507
270590;5133
270600;11681
270610;11573
270620;5061
270630;73452
270640;24307
270642;10546
270644;13484
270650;15270
270660;7556
270670;64005
270680;17868
270690;35310
270700;2903
270710;25324
270720;14447
270730;27331
270740;7618
270750;20158
270760;11202
270770;75662
270780;6634
270790;7344
270800;47910
270810;10637
270820;6977
270830;24064
270840;32462
270850;34825
270860;62328
270870;8073
270880;34424
270890;14042
270895;13893
270900;6115
270910;20162
270915;44570
270920;27934
270930;65963
270940;25655
280010;2386
280020;21796
280030;672614
280040;9840
280050;18825
280060;31439
280067;26980
280070;8396
280100;18325
280110;4003
280120;30894
280130;34808
280140;22393
280150;17232
280160;5929
280170;18181
280190;4008
280200;5290
280210;69919
280220;5617
280230;15688
280240;11599
280250;3421
280260;5831
280270;8522
280280;18337
280290;96839
280300;42399
280310;4869
280320;35054
280330;19067
280340;13422
280350;106015
280360;30327
280370;7002
280380;3715
280390;12689
280400;17328
280410;11361
280420;15315
280430;7653
280440;18688
280445;8822
280450;37715
280460;26957
280470;6509
280480;187733
280490;14650
280500;3309
280510;9727
280520;6678
280530;9436
280540;35461
280550;24003
280560;28788
280570;29756
280580;19813
280590;10354
280600;18891
280610;11158
280620;20051
280630;14205
280640;7906
280650;3933
280660;12200
280670;92090
280680;11276
280690;3837
280700;3964
280710;40724
280720;9046
280730;3271
280740;52861
280750;13534
280760;25800
290010;8681
290020;20594
290030;15214
290035;17209
290040;17096
290050;10513
290060;4387
290070;153023
290080;22509
290090;5273
290100;37631
290110;24997
290115;16086
290120;21229
290130;13122
290135;14416
290140;13902
290150;11369
290160;19659
290170;11670
290180;11955
290190;17840
290195;7274
290200;12960
290205;12237
290210;54903
290220;11519
290225;10904
290230;8848
290240;11079
290250;13979
290260;20431
290265;13251
290270;54225
290280;20198
290290;30831
290300;13128
290310;5515
290320;158432
290323;15171
290327;16225
290330;5312
290340;23540
290350;17013
290360;15989
290370;12039
290380;18491
290390;70151
290395;9768
290400;14518
290405;16999
290410;21486
290420;10050
290430;14155
290440;10675
290450;10705
290460;67468
290470;18269
290475;21374
290480;6232
290485;19010
290490;33659
290500;23407
290510;8912
290515;14671
290520;51184
290530;18585
290540;18666
290550;13452
290560;32023
290570;309208
290580;35444
290590;28839
290600;71754
290610;9694
290620;26468
290630;30722
290640;8109
290650;87820
290660;14415
290670;24921
290680;34929
290682;16832
290685;11597
290687;31055
290689;8659
290690;22166
290700;9395
290710;29118
290720;73092
290730;26369
290740;3619
290750;55222
290755;9303
290760;17293
290770;11221
290780;32636
290790;17402
290800;16128
290810;18835
290820;22933
290830;17087
290840;67394
290850;33631
290860;26223
290870;17113
290880;4025
290890;22391
290900;8667
290910;14108
290920;15549
290930;32243
290940;13756
290950;5352
290960;21219
290970;13981
290980;63923
290990;35065
291000;10347
291005;83705
291010;12281
291020;4072
291030;8129
291040;15914
291050;42014
291060;37902
291070;61112
291072;115360
291075;17801
291077;5656
291080;624107
291085;16314
291090;5641
291100;10525
291110;26111
291120;32778
291125;4417
291130;11284
291140;15247
291150;6852
291160;20800
291165;6371
291170;85353
291180;20565
291185;12946
291190;23950
291200;8849
291210;21083
291220;19990
291230;16262
291240;18421
291250;14989
291260;4047
291270;23433
291280;8740
291290;14476
291300;16463
291310;17048
291320;27076
291330;6232
291340;15661
291345;12963
291350;27006
291360;157639
291370;40720
291380;14229
291390;45969
291400;59281
291410;9954
291420;7295
291430;7874
291440;25728
291450;29305
291460;74050
291465;30901
291470;64795
291480;214123
291490;29051
291500;16164
291510;12140
291520;14331
291530;6784
291535;14650
291540;6515
291550;20309
291560;64423
291570;7971
291580;22474
291590;6433
291600;19231
291610;22440
291620;8300
291630;10173
291640;77408
291650;36173
291660;10284
291670;8375
291680;19937
291685;14588
291690;12482
291700;36140
291710;20394
291720;19095
291730;28870
291733;11038
291735;8176
291740;14855
291750;80749
291760;54913
291770;33915
291780;19162
291790;10742
291800;156277
291810;40832
291820;14576
291830;10470
291835;25606
291840;219544
291845;8856
291850;15241
291855;5706
291860;5777
291870;3663
291875;15870
291880;24214
291890;3993
291900;3735
291905;8591
291910;8078
291915;27323
291920;204669
291930;11586
291940;12357
291950;46372
291955;92671
291960;11318
291970;19056
291980;50481
291990;7752
291992;21754
291995;2386
292000;10294
292010;18535
292020;16875
292030;8326
292040;12944
292045;13822
292050;19973
292060;44902
292070;20664
292080;10357
292090;13619
292100;47643
292105;12359
292110;22741
292120;25771
292130;10838
292140;18603
292145;8264
292150;49145
292160;8476
292170;35466
292180;12063
292190;8725
292200;42729
292205;10469
292210;27153
292220;7464
292225;11479
292230;29420
292240;22340
292250;28661
292260;14156
292265;13197
292270;16482
292273;7830
292275;6518
292280;8328
292285;9126
292290;27047
292300;44170
292303;12653
292305;15445
292310;28373
292320;21797
292330;8575
292335;17567
292340;21840
292350;9123
292360;21777
292370;32274
292380;29124
292390;9550
292400;119213
292405;13535
292410;7438
292420;16698
292430;16854
292440;35295
292450;16308
292460;20048
292465;10353
292467;10050
292470;10253
292480;25162
292490;9415
292500;26581
292510;46885
292520;40401
292525;14729
292530;152529
292540;6623
292550;28214
292560;15180
292570;12028
292575;28272
292580;25428
292590;27672
292593;8939
292595;22643
292600;41324
292610;14588
292620;22330
292630;33498
292640;35757
292650;14631
292660;54097
292665;4896
292670;12878
292680;15521
292690;11672
292700;41209
292710;9548
292720;30900
292730;16047
292740;2900319
292750;20971
292760;13917
292770;28058
292780;6241
292790;10583
292800;37704
292805;12308
292810;39707
292820;26792
292830;8987
292840;28613
292850;10520
292860;60190
292870;103204
292880;53666
292890;34764
292895;9085
292900;14784
292905;15543
292910;21083
292920;40664
292925;18785
292930;38315
292935;5562
292937;10546
292940;11733
292950;44554
292960;17421
292970;17330
292975;12163
292980;12971
292990;44370
293000;11586
293010;79813
293015;31362
293020;41279
293030;17261
293040;14531
293050;81693
293060;13490
293070;137117
293075;13104
293076;9431
293077;23274
293080;17118
293090;12515
293100;20383
293105;17518
293110;7936
293120;21421
293130;16939
293135;164290
293140;7296
293150;22590
293160;15097
293170;13018
293180;15996
293190;50903
293200;23991
293210;19860
293220;18647
293230;27481
293240;13894
293245;19573
293250;18108
293260;16672
293270;20312
293280;19330
293290;97873
293300;29111
293305;14135
293310;9247
293315;12556
293317;8734
293320;44185
293325;6105
293330;343643
293340;9342
293345;12125
293350;20862
293360;46562
310010;7022
310020;23263
310030;13434
310040;3995
310050;9270
310060;13319
310070;1986
310080;4557
310090;19285
310100;13656
310110;25116
310120;5949
310130;2657
310140;3015
310150;35438
310160;80973
310163;7052
310170;42380
310180;7448
310190;20059
310200;14566
310205;5938
310210;10723
310220;3783
310230;15135
310240;3605
310250;4643
310260;41704
310270;9470
310280;12189
310285;8594
310290;11471
310300;9233
310310;1577
310320;2360
310330;2056
310340;36715
310350;118361
310360;2779
310370;8467
310375;6992
310380;2836
310390;9523
310400;108403
310410;10990
310420;40658
310430;15288
310440;2681
310445;5305
310450;17850
310460;14358
310470;12496
310480;4833
310490;19249
310500;7780
310510;23964
310520;4738
310530;5808
310540;33232
310550;5311
310560;139061
310570;4905
310590;20981
310600;10269
310610;3422
310620;2530701
310630;27277
310640;7723
310650;11813
310660;4609
310665;4792
310670;450024
310680;3282
310690;14612
310700;2482
310710;40308
310720;5088
310730;50521
310740;51436
310750;6444
310760;4270
310770;6182
310780;14792
310790;10527
310800;17612
310810;6852
310820;5397
310825;11502
310830;19809
310840;14927
310850;6259
310855;16950
310860;32460
310870;4255
310880;4737
310890;14364
310900;41208
310910;10982
310920;10342
310925;3984
310930;25179
310940;28184
310945;7025
310950;14074
310960;3580
310970;11609
310980;2720
310990;11869
311000;45364
311010;5584
311020;3961
311030;14600
311040;2839
311050;21831
311060;30068
311070;12810
311080;3739
311090;16855
311100;21052
311110;19759
311115;3830
311120;54338
311130;11648
311140;8383
311150;15661
311160;28908
311170;4533
311180;12251
311190;5585
311200;14890
311205;4575
311210;5464
311220;4616
311230;38321
311240;6860
311250;9896
311260;16294
311265;5559
311270;15388
311280;8693
311290;9318
311300;23872
311310;3150
311320;25831
311330;33022
311340;93124
311350;9423
311360;6826
311370;18516
311380;2660
311390;12193
311400;11546
311410;15031
311420;22900
311430;30339
311440;21310
311450;19756
311455;10103
311460;4052
311470;3614
311480;4445
311490;2251
311500;3108
311510;17741
311520;3939
311530;75942
311535;5465
311540;3665
311545;6206
311547;4944
311550;21566
311560;1150
311570;7059
311580;10343
311590;3216
311600;5695
311610;15334
311615;14217
311620;2657
311630;6811
311640;4873
311650;7478
311660;29093
311670;7631
311680;8810
311690;3128
311700;6624
311710;10351
311720;2814
311730;28782
311740;4581
311750;17438
311760;5558
311770;13729
311780;11852
311783;7730
311787;6867
311790;12209
311800;55836
311810;5047
311820;6997
311830;130584
311840;22975
311850;1786
311860;673849
311870;9099
311880;26620
311890;8903
311900;3546
311910;23607
311920;9897
311930;27958
311940;110709
311950;9209
311960;3095
311970;3448
311980;3168
311990;3685
311995;6425
312000;2688
312010;4436
312015;6814
312020;13060
312030;5992
312040;5161
312050;10211
312060;5072
312070;3651
312080;15529
312083;5026
312087;7867
312090;81085
312100;5431
312110;8007
312120;7146
312125;10994
312130;5044
312140;7266
312150;2867
312160;47924
312170;3779
312180;7493
312190;3430
312200;20020
312210;4969
312220;7655
312230;242505
312235;6946
312240;6039
312245;11396
312247;3635
312250;5025
312260;4436
312270;5227
312280;2992
312290;6664
312300;10291
312310;5139
312320;13373
312330;4202
312340;1539
312350;1915
312352;7898
312360;28556
312370;11268
312380;7240
312385;5383
312390;15458
312400;19019
312410;72512
312420;25287
312430;31603
312440;4728
312450;11416
312460;2308
312470;3483
312480;8057
312490;11383
312500;3932
312510;37649
312520;2374
312530;3202
312540;4656
312550;3178
312560;7548
312570;15528
312580;3500
312590;9576
312595;11100
312600;7602
312610;67956
312620;9810
312630;4460
312640;2986
312650;10311
312660;5268
312670;26459
312675;5287
312680;5858
312690;9716
312695;3496
312700;18866
312705;4542
312707;5232
312710;60508
312720;4434
312730;6764
312733;5084
312735;3177
312737;3402
312738;4014
312740;4360
312750;6184
312760;11811
312770;282164
312780;15943
312790;1386
312800;34818
312810;14269
312820;10307
312825;5005
312830;19014
312840;8926
312850;3755
312860;6558
312870;52234
312880;7026
312890;8168
312900;8296
312910;5516
312920;6623
312930;11085
312940;4999
312950;25511
312960;8478
312965;5340
312970;14128
312980;184030
312990;3497
313000;3003
313005;12200
313010;44561
313020;11146
313030;7901
313040;6667
313050;12511
313055;6976
313060;7387
313065;7328
313070;7009
313080;2785
313090;24020
313100;6352
313110;7605
313115;18926
313120;20133
313130;267333
313140;4229
313150;10156
313160;7067
313170;121717
313180;11637
313190;52996
313200;5447
313210;18175
313220;13510
313230;12910
313240;97782
313250;35130
313260;4395
313270;23207
313280;2032
313290;10122
313300;15844
313310;15511
313320;12259
313330;20997
313340;15511
313350;21760
313360;9976
313370;11354
313375;16286
313380;94455
313390;5321
313400;15053
313410;6074
313420;105818
313430;5978
313440;40101
313450;3749
313460;20683
313470;12320
313480;7695
313490;26538
313500;3151
313505;39850
313507;5453
313510;72374
313520;67958
313530;4418
313535;7991
313540;4795
313545;7781
313550;12246
313560;7407
313570;5203
313580;25555
313590;4774
313600;15476
313610;4382
313620;80903
313630;47990
313640;4757
313650;10872
313652;4474
313655;5104
313657;4911
313660;5739
313665;27823
313670;577532
313680;4359
313690;10795
313695;5706
313700;18272
313710;7588
313720;53236
313730;4062
313740;13115
313750;18168
313753;9681
313760;66744
313770;19914
313780;20995
313790;3366
313800;6856
313810;6494
313820;105756
313830;3222
313835;4923
313840;52690
313850;4994
313860;16749
313862;7640
313865;9766
313867;6249
313868;6735
313870;5431
313880;18297
313890;7112
313900;42682
313910;5119
313920;18556
313925;6565
313930;18051
313940;92074
313950;22894
313960;27651
313970;8113
313980;12985
313990;14019
314000;61830
314010;4079
314015;15814
314020;3000
314030;4030
314040;2701
314050;13497
314053;8640
314055;8700
314060;4415
314070;31631
314080;14626
314085;11360
314090;19098
314100;12367
314110;38469
314120;3733
314130;3861
314140;20701
314150;6446
314160;10775
314170;5489
314180;31509
314190;3891
314200;13651
314210;10818
314220;15205
314225;4939
314230;4948
314240;7589
314250;2184
314260;8764
314270;14621
314280;21349
314290;20544
314300;13139
314310;48049
314315;4939
314320;21504
314330;417478
314340;24247
314345;8379
314350;8955
314360;2413
314370;3126
314380;5960
314390;109997
314400;26945
314410;20522
314420;3221
314430;40583
314435;7104
314437;3306
314440;4727
314450;8710
314460;26882
314465;10355
314467;3067
314470;17524
314480;97378
314490;3548
314500;16046
314505;7493
314510;16937
314520;108241
314530;31339
314535;10800
314537;5348
314540;1694
314545;6243
314550;2829
314560;41987
314570;2128
314580;3155
314585;4671
314587;8138
314590;40220
314600;33938
314610;74824
314620;5895
314625;6466
314630;20346
314640;4440
314650;8308
314655;6098
314660;1517
314670;6606
314675;5196
314690;15922
314700;94539
314710;95616
314720;21693
314730;21353
314740;24854
314750;1619
314760;16439
314770;8031
314780;2024
314790;115970
314795;6031
314800;154641
314810;92116
314820;5744
314830;9597
314840;4794
314850;8390
314860;17534
314870;24333
314875;7157
314880;2960
314890;3977
314900;2559
314910;11098
314915;12313
314920;3651
314930;65149
314940;1804
314950;3340
314960;4457
314970;11994
314980;16469
314990;21577
314995;6738
315000;4261
315010;2719
315015;8832
315020;4141
315030;4436
315040;5034
315050;8715
315053;5029
315057;7540
315060;6386
315070;6491
315080;17641
315090;5504
315100;8683
315110;10791
315120;56845
315130;10732
315140;28433
315150;35137
315160;12445
315170;16900
315180;169838
315190;8288
315200;32248
315210;60003
315213;4305
315217;12235
315220;37823
315230;11414
315240;16675
315250;154293
315260;5862
315270;9128
315280;28173
315290;8530
315300;3658
315310;5315
315320;3572
315330;3000
315340;19680
315350;8286
315360;10931
315370;3603
315380;1948
315390;16501
315400;23663
315410;10522
315415;7247
315420;11578
315430;17396
315440;4826
315445;8132
315450;9471
315460;341415
315470;4061
315480;10524
315490;13384
315500;2630
315510;5117
315520;5332
315530;5924
315540;8964
315550;12356
315560;31171
315570;14325
315580;18007
315590;5493
315600;12635
315610;4521
315620;2335
315630;8333
315640;3507
315645;4648
315650;5609
315660;10269
315670;137877
315680;15364
315690;26556
315700;41864
315710;7014
315720;31873
315725;8212
315727;3212
315730;4385
315733;8723
315737;4074
315740;4693
315750;4354
315760;3806
315765;6406
315770;14497
315780;221705
315790;16393
315800;10867
315810;5203
315820;14607
315830;7047
315840;3909
315850;7538
315860;3985
315870;2494
315880;4847
315890;8660
315895;36048
315900;4334
315910;3753
315920;8900
315930;4843
315935;7322
315940;3380
315950;5426
315960;44226
315970;3364
315980;19997
315990;18697
316000;3602
316010;3861
316020;3763
316030;11570
316040;28603
316045;7316
316050;1756
316060;3044
316070;46357
316080;5411
316090;3770
316095;5672
316100;17296
316105;3354
316110;56625
316120;6512
316130;6309
316140;4758
316150;12751
316160;3860
316165;4104
316170;8527
316180;12776
316190;11114
316200;25670
316210;36084
316220;7541
316225;4949
316230;2743
316240;25033
316245;13232
316250;90897
316255;11785
316257;5975
316260;7393
316265;4476
316270;23797
316280;15761
316290;26530
316292;32696
316294;7532
316295;24490
316300;4291
316310;5151
316320;4222
316330;3851
316340;5356
316350;6409
316360;2821
316370;46539
316380;6949
316390;4563
316400;7634
316410;5160
316420;12713
316430;7100
316440;5598
316443;3039
316447;6697
316450;9884
316460;6948
316470;71915
316480;1478
316490;2259
316500;10979
316510;6980
316520;7151
316530;7876
316540;7045
316550;6421
316553;34050
316555;12493
316556;2579
316557;5365
316560;2001
316570;7902
316580;1422
316590;4056
316600;5786
316610;3516
316620;10474
316630;7340
316640;1857
316650;4292
316660;771
316670;8725
316680;11750
316690;7667
316695;4836
316700;1949
316710;20915
316720;243950
316730;2267
316740;6258
316750;2621
316760;19834
316770;5476
316780;6226
316790;3669
316800;34653
316805;3093
316810;4890
316820;1869
316830;4120
316840;14280
316850;11680
316860;141269
316870;91268
316880;8160
316890;6369
316900;16769
316905;4117
316910;6336
316920;7683
316930;80561
316935;33062
316940;57127
316950;6797
316960;25466
316970;20280
316980;5099
316990;117995
317000;12661
317005;12514
317010;340277
317020;706597
317030;2582
317040;85461
317043;4265
317047;3256
317050;10333
317052;17470
317057;6460
317060;2143
317065;5045
317070;137608
317075;7235
317080;40101
317090;19290
317100;20692
317103;9527
317107;5733
317110;4090
317115;4852
317120;131849
317130;79910
317140;3570
317150;3157
317160;13729
317170;8652
317180;10459
317190;5303
317200;43351
317210;5270
317220;2543
320010;30326
320013;9621
320016;10801
320020;29869
320030;14670
320035;7911
320040;30285
320050;7542
320060;104942
320070;12270
320080;31263
320090;45301
320100;15146
320110;9988
320115;12450
320120;212172
320130;386495
320140;37956
320150;124283
320160;31479
320170;12887
320180;4236
320190;34120
320200;6793
320210;22748
320220;22379
320225;13047
320230;31372
320240;128504
320245;26762
320250;12701
320255;8830
320260;14083
320265;13672
320270;13982
320280;34957
320290;10433
320300;29417
320305;31589
320310;12336
320313;16774
320316;10919
320320;179755
320330;15653
320332;39259
320334;17141
320335;13091
320340;26079
320350;18954
320360;5468
320370;17176
320380;15602
320390;50751
320400;23426
320405;26575
320410;27601
320420;22388
320425;8016
320430;11741
320435;19398
320440;11630
320450;12171
320455;41588
320460;23853
320465;8735
320470;39085
320480;10536
320490;134629
320495;12602
320500;536765
320501;31278
320503;21778
320506;26204
320510;80735
320515;9280
320517;14065
320520;508655
320530;369534
330010;210171
330015;12036
330020;136109
330022;12763
330023;35060
330025;30827
330030;101139
330040;185237
330045;515239
330050;27779
330060;37306
330070;234077
330080;59652
330090;15521
330093;16859
330095;8590
330100;514643
330110;20163
330115;12818
330120;19161
330130;45864
330140;23561
330150;22152
330160;11563
330170;929449
330180;14138
330185;62225
330187;29344
330190;244416
330200;136547
330205;15387
330210;23211
330220;104354
330225;32312
330227;106296
330230;7298
330240;266136
330245;5646
330250;247741
330260;45941
330270;167668
330280;18681
330285;177016
330290;25622
330300;27134
330310;15305
330320;162893
330330;516981
330340;191664
330350;825388
330360;53093
330370;44741
330380;44175
330385;27942
330390;307144
330395;25563
330400;29802
330410;19068
330411;20254
330412;14562
330414;152311
330415;25535
330420;133244
330430;60930
330440;18677
330450;9401
330452;159529
330455;6775561
330460;10380
330470;42705
330475;42214
330480;38749
330490;1098357
330500;36731
330510;473385
330513;7240
330515;22032
330520;107556
330530;9416
330540;18270
330550;91938
330555;83841
330560;21775
330570;15709
330575;34898
330580;185820
330590;10653
330600;82468
330610;77202
330615;11208
330620;37262
330630;274925
350010;35153
350020;3545
350030;36981
350040;8262
350050;18908
350055;6142
350060;3588
350070;37582
350075;6231
350080;4201
350090;4211
350100;16221
350110;4078
350115;18903
350120;3616
350130;25078
350140;5320
350150;3251
350160;244370
350170;41545
350180;5993
350190;73145
350200;5115
350210;57245
350220;25724
350230;6911
350240;4172
350250;36211
350260;4122
350270;24081
350275;23343
350280;199210
350290;35389
350300;5689
350310;6373
350315;2452
350320;240542
350330;136739
350335;1755
350340;8665
350350;3906
350360;11186
350370;9851
350380;56247
350390;92453
350395;1815
350400;105768
350410;145378
350420;15316
350430;5467
350440;14063
350450;91792
350460;18013
350470;6127
350480;9209
350490;11039
350500;3525
350510;7532
350520;35844
350530;36125
350535;5794
350540;7606
350550;123546
350560;33537
350570;279704
350580;20952
350590;63438
350600;381706
350610;77612
350620;3028
350630;11168
350635;66154
350640;8197
350650;126094
350660;33265
350670;15111
350680;12571
350690;12107
350700;63310
350710;26506
350715;4013
350720;839
350730;4913
350740;16278
350745;2713
350750;149718
350760;172346
350770;5795
350775;2911
350780;25605
350790;24862
350800;20050
350810;17414
350820;4547
350830;4222
350840;51130
350850;95752
350860;33827
350870;19031
350880;17917
350890;4195
350900;104044
350910;6017
350920;79034
350925;28441
350930;10649
350940;26613
350945;6088
350950;1223237
350960;86407
350970;52713
350980;5028
350990;12542
350995;5268
351000;31410
351010;2805
351015;5365
351020;47098
351030;21257
351040;56973
351050;125194
351060;405375
351070;12371
351080;30655
351090;2488
351100;21521
351110;123114
351120;7905
351130;9452
351140;20391
351150;50631
351160;18595
351170;17539
351190;8894
351200;18601
351210;6223
351220;28491
351230;18138
351240;25116
351250;6197
351260;4591
351270;4072
351280;74662
351290;7289
351300;257882
351310;35858
351320;8803
351330;2021
351340;82895
351350;132521
351360;21373
351370;34097
351380;429550
351385;1805
351390;11027
351400;9088
351410;27704
351420;2108
351430;8883
351440;47287
351450;12421
351460;10174
351470;6026
351480;15592
351490;18095
351492;3742
351495;2446
351500;279264
351510;70402
351512;3238
351515;21712
351518;44607
351519;4926
351520;8420
351530;2774
351535;9280
351540;16102
351550;69680
351560;5805
351565;1739
351570;198661
351580;1397
351590;2884
351600;14936
351610;2631
351620;358539
351630;179372
351640;158438
351650;2776
351660;6419
351670;44429
351680;4911
351685;4841
351690;10855
351700;11485
351710;4842
351720;12416
351730;5806
351740;41283
351750;22087
351760;16896
351770;21394
351780;8258
351790;11382
351800;1996
351810;6685
351820;33257
351830;30465
351840;123192
351850;19244
351860;40857
351870;324977
351880;1404694
351885;7760
351890;5346
351900;9649
351905;15605
351907;237570
351910;12002
351920;6269
351925;9786
351930;35830
351940;12639
351950;7926
351960;61150
351970;80062
351980;8363
351990;8228
352000;24821
352010;30791
352020;9631
352030;31117
352040;36194
352042;11552
352044;26886
352050;260690
352060;4873
352070;3876
352080;4045
352090;15165
352100;38771
352110;7824
352115;5557
352120;4180
352130;16794
352140;24982
352150;8101
352160;8356
352170;17405
352180;27632
352190;15331
352200;3937
352210;104351
352215;3332
352220;179574
352230;167106
352240;95241
352250;244131
352260;75683
352265;4294
352270;43536
352280;15197
352290;14297
352300;4994
352310;379082
352320;50778
352330;17754
352340;124254
352350;21139
352360;18610
352370;6587
352380;7862
352390;177150
352400;64330
352410;42259
352420;6963
352430;78029
352440;237119
352450;7322
352460;17911
352470;59921
352480;49291
352490;6828
352500;127734
352510;45544
352520;31173
352530;153463
352540;3143
352550;13453
352560;4577
352570;37707
352580;4824
352585;3467
352590;426935
352600;20978
352610;18627
352620;31844
352630;4882
352640;29047
352650;12581
352660;7361
352670;105273
352680;69533
352690;310783
352700;8201
352710;78978
352720;89532
352725;2311
352730;51007
352740;22022
352750;2412
352760;15628
352770;5918
352780;4608
352790;2623
352800;17263
352810;8174
352820;3686
352830;3086
352840;47723
352850;103645
352860;9972
352870;6039
352880;14069
352885;3097
352890;4098
352900;242249
352910;2101
352920;26791
352930;84069
352940;481725
352950;5638
352960;3813
352965;1903
352970;22480
352980;13023
352990;19511
353000;3125
353010;29844
353020;18415
353030;60768
353040;4966
353050;69072
353060;455587
353070;154146
353080;94098
353090;3523
353100;2274
353110;58567
353120;8181
353130;51039
353140;25651
353150;18928
353160;4166
353170;4739
353180;61707
353190;33598
353200;13936
353205;4831
353210;4525
353215;3215
353220;4950
353230;6624
353240;18866
353250;8917
353260;11575
353270;5381
353280;7161
353282;9962
353284;1824
353286;1290
353290;11519
353300;21871
353310;2333
353320;4135
353325;6057
353330;4217
353340;61716
353350;41765
353360;7522
353370;4294
353380;2447
353390;55477
353400;4462
353410;6569
353420;7318
353430;44682
353440;701428
353450;2603
353460;33118
353470;115139
353475;10712
353480;8676
353490;14326
353500;13285
353510;13691
353520;9173
353530;22322
353540;15944
353550;46180
353560;18302
353570;6536
353580;20588
353590;4112
353600;10934
353610;6579
353620;19797
353625;2177
353630;14941
353640;7540
353650;114508
353657;1835
353660;8973
353670;47523
353680;6127
353690;2468
353700;16876
353710;48992
353715;3109
353720;11507
353730;64098
353740;25685
353750;8875
353760;69697
353770;6093
353780;55731
353790;29612
353800;171885
353810;17378
353820;15564
353830;3706
353850;13495
353860;27617
353870;410275
353880;29930
353890;25939
353900;11524
353910;19453
353920;27974
353930;77330
353940;13890
353950;40430
353960;5370
353970;3606
353980;119221
353990;6166
354000;22326
354010;3385
354020;51717
354025;4719
354030;2576
354040;4136
354050;10205
354060;53698
354070;56848
354075;25603
354080;17668
354085;4327
354090;22239
354100;336454
354105;5371
354110;4067
354120;12943
354130;44572
354140;231953
354150;39648
354160;41211
354165;3902
354170;14309
354180;3513
354190;13788
354200;6736
354210;9126
354220;29743
354230;3827
354240;20523
354250;10047
354260;56463
354270;7762
354280;3320
354290;13376
354300;15984
354310;4786
354320;4537
354323;2222
354325;7686
354330;125238
354340;720116
354350;5364
354360;3651
354370;10824
354380;9940
354390;209548
354400;36233
354410;52009
354420;12856
354425;15929
354430;10888
354440;3195
354450;3191
354460;5638
354470;2427
354480;6481
354490;12103
354500;17363
354510;5372
354515;8498
354520;120779
354530;46285
354540;9396
354550;4405
354560;15639
354570;6036
354580;195278
354600;14925
354610;2111
354620;4584
354625;2166
354630;35102
354640;48207
354650;5577
354660;32796
354670;27850
354680;58529
354690;8889
354700;6298
354710;2947
354720;1448
354730;145073
354740;2476
354750;27641
354760;26960
354765;1558
354770;20855
354780;723889
354790;7024
354800;23742
354805;8541
354810;5926
354820;6843
354830;3159
354840;4856
354850;433991
354860;10907
354870;849874
354880;162763
354890;256915
354900;2813
354910;92315
354920;2555
354925;1942
354930;2095
354940;52737
354950;8991
354960;4141
354970;55298
354980;469173
354990;737310
354995;16127
355000;10693
355010;41287
355020;33071
355030;12396372
355040;36298
355050;7724
355060;93076
355070;91637
355080;12137
355090;15446
355100;370839
355110;10493
355120;3623
355130;3595
355140;15292
355150;46166
355160;29669
355170;128432
355180;12731
355190;17820
355200;6375
355210;41690
355220;695328
355230;7738
355240;289875
355250;303397
355255;4063
355260;12561
355270;16787
355280;297528
355290;6371
355300;14415
355310;6346
355320;5562
355330;23255
355340;26231
355350;7725
355360;12940
355365;2815
355370;57547
355380;23292
355385;5968
355390;7609
355395;15361
355400;124134
355410;320820
355420;4452
355430;23395
355440;9502
355450;42946
355460;2647
355465;2432
355470;10100
355475;1752
355480;48228
355490;5856
355495;7058
355500;65615
355510;15670
355520;2024
355530;1667
355535;6488
355540;92819
355550;4828
355560;10191
355570;1886
355580;9125
355590;1142
355600;13965
355610;13732
355620;133169
355630;27154
355635;10842
355640;43368
355645;54315
355650;124269
355660;10804
355670;81516
355680;19133
355690;9163
355695;1852
355700;124468
355710;96106
355715;2784
355720;12418
355730;11507
410010;7360
410020;5797
410030;9567
410040;121420
410045;1429
410050;22293
410060;14945
410070;9722
410080;11598
410090;6405
410100;19466
410105;2774
410110;19823
410115;2931
410120;18919
410130;7421
410140;137438
410150;126545
410160;28480
410165;2951
410170;14029
410180;148522
410185;2026
410190;14792
410200;33306
410210;26304
410220;3871
410230;13238
410240;31061
410250;11287
410260;10347
410270;2781
410275;3404
410280;15400
410290;16411
410300;3991
410302;2437
410304;6343
410305;7524
410310;13308
410315;3472
410320;7103
410322;3244
410330;6290
410335;5338
410337;2521
410340;2973
410345;18783
410347;3975
410350;8641
410360;25569
410370;108126
410380;7967
410390;13888
410395;3831
410400;44072
410405;3694
410410;8118
410420;135678
410425;30151
410430;96102
410440;14606
410442;16126
410445;13340
410450;19172
410460;15887
410465;24225
410470;14391
410480;336073
410490;72125
410500;10144
410510;10704
410520;17884
410530;11872
410540;19083
410550;84980
410560;12939
410570;16344
410580;249277
410590;24271
410600;8896
410610;3891
410620;19082
410630;17162
410640;47840
410645;7538
410650;20430
410655;3038
410657;4229
410660;20962
410670;4430
410680;18772
410685;2892
410690;1963726
410700;15289
410710;4975
410712;3409
410715;5279
410720;41424
410725;8988
410730;5987
410740;5906
410750;13962
410752;1633
410753;4651
410754;3980
410755;2995
410760;17379
410765;103750
410770;4734
410773;5561
410775;7625
410780;4883
410785;4583
410790;6926
410800;10360
410810;2709
410820;6345
410830;257971
410832;5942
410840;93308
410845;4466
410850;13661
410855;2850
410860;28734
410865;6997
410870;5379
410880;33497
410890;6635
410895;8881
410900;3767
410910;2239
410920;5557
410930;11969
410940;183755
410950;7554
410960;37974
410965;5030
410970;31854
410975;6387
410980;55688
410990;7671
411000;4475
411005;2251
411007;13449
411010;33306
411020;11117
411030;3122
411040;4472
411050;15327
411060;13642
411065;2216
411070;61439
411080;10029
411090;4426
411095;11588
411100;6516
411110;6110
411120;12220
411125;29493
411130;2700
411140;14049
411150;31886
411155;8294
411160;3299
411170;5332
411180;39268
411190;13861
411200;35192
411210;21281
411220;4948
411230;4929
411240;9573
411250;11067
411260;1309
411270;12687
411275;8251
411280;12108
411290;3248
411295;7244
411300;7069
411310;3996
411320;48651
411325;5719
411330;32167
411340;3896
411342;3155
411345;4488
411350;23393
411360;4850
411370;580870
411373;7217
411375;4695
411380;4969
411390;13697
411400;12900
411410;23373
411420;34628
411430;27750
411435;2442
411440;16572
411450;13517
411460;54031
411470;5593
411480;36103
411490;8793
411500;7093
411510;10327
411520;436472
411530;6655
411535;5562
411540;14407
411545;4283
411550;4676
411560;18266
411570;35705
411573;3142
411575;10994
411580;46940
411585;5617
411590;2180
411600;1786
411605;10706
411610;11966
411620;16485
411630;4034
411640;4009
411650;1560
411660;3424
411670;10131
411680;4827
411690;28062
411695;5014
411700;8120
411705;11462
411710;13188
411720;5846
411721;4304
411722;8311
411725;10540
411727;5252
411729;2836
411730;21783
411740;3423
411745;6036
411750;42251
411760;52503
411770;34109
411780;12755
411790;32389
411800;14211
411810;11685
411820;157378
411830;3277
411840;89454
411845;5755
411850;84779
411860;5942
411870;7418
411880;14017
411885;6194
411890;11406
411900;6232
411910;13015
411915;134788
411920;6323
411925;2742
411930;32722
411940;25779
411950;116852
411960;29686
411965;3298
411970;4281
411980;13385
411990;358838
411995;28529
412000;12587
412010;4899
412015;3133
412020;2554
412030;4057
412033;3806
412035;5035
412040;5395
412050;11138
412060;52776
412065;4420
412070;7504
412080;24253
412085;4043
412090;34707
412100;12257
412110;4444
412120;19388
412125;4500
412130;3760
412135;2602
412140;16976
412150;14991
412160;6772
412170;26933
412175;8127
412180;10622
412190;12869
412200;15433
412210;3162
412215;13240
412217;4121
412220;32635
412230;34645
412240;68165
412250;9447
412260;9664
412265;4595
412270;6954
412280;3389
412290;4862
412300;14957
412310;3208
412320;3253
412330;7705
412340;12330
412350;27036
412360;1568
412370;8484
412380;14924
412382;3795
412385;9210
412390;11523
412395;4052
412400;4916
412402;10055
412405;23927
412410;46503
412420;2611
412430;2032
412440;20354
412450;5422
412460;6961
412470;11088
412480;10122
412490;5819
412500;9897
412510;15359
412520;9005
412530;5535
412535;5532
412540;6115
412545;3601
412550;334620
412555;2165
412560;47137
412570;27696
412575;5745
412580;11109
412590;2265
412600;8865
412610;5778
412620;6708
412625;98888
412627;5578
412630;19441
412635;4460
412640;5149
412650;16456
412660;21476
412665;2880
412667;15277
412670;5196
412680;16480
412690;5452
412700;12761
412710;80588
412720;17304
412730;17054
412740;17562
412750;20688
412760;17295
412770;144601
412780;7699
412785;12036
412788;9269
412790;8502
412795;8105
412796;12977
412800;20809
412810;113416
412820;58298
412830;2623
412840;11233
412850;19358
412853;12267
412855;8389
412860;7094
412862;2630
412863;5525
412865;4051
412870;6879
412880;5584
420005;2534
420010;18015
420020;11160
420030;5570
420040;7160
420050;6544
420055;2341
420060;6646
420070;10136
420075;1915
420080;5477
420090;4686
420100;6783
420110;3223
420120;8712
420125;10951
420127;4268
420130;40890
420140;69493
420150;8843
420160;3547
420165;2228
420170;8021
420180;3179
420190;5687
420195;13782
420200;149227
420205;11271
420207;11537
420208;2618
420209;1625
420210;30539
420213;6386
420215;2712
420220;11896
420230;70471
420240;366418
420243;3501
420245;20889
420250;4801
420253;3104
420257;2136
420260;10153
420270;5396
420280;34294
420285;3794
420287;2318
420290;140597
420300;80017
420310;6112
420315;3325
420320;87179
420325;2467
420330;11985
420340;6889
420350;8312
420360;36861
420370;12553
420380;54558
420390;23218
420395;25477
420400;11106
420410;3462
420415;2709
420417;3013
420419;3025
420420;227587
420425;16956
420430;75683
420435;4585
420440;9900
420445;2560
420450;16300
420455;12315
420460;219393
420470;11150
420475;1972
420480;40037
420490;8136
420500;15592
420510;4224
420515;4164
420517;3232
420519;2059
420520;4423
420530;10630
420535;1575
420540;516524
420543;2481
420545;27621
420550;36723
420555;1918
420560;2711
420570;24070
420580;18816
420590;71925
420600;14739
420610;6621
420620;11652
420630;24922
420640;9964
420650;46757
420660;5196
420665;4692
420670;22820
420675;1952
420680;3154
420690;19238
420700;58055
420710;14531
420720;9764
420730;45711
420740;6284
420750;72346
420757;2979
420760;4367
420765;9093
420768;7643
420770;7647
420775;3901
420780;10575
420785;1887
420790;11354
420800;6091
420810;21889
420820;226617
420830;69323
420840;17139
420845;21766
420850;25619
420860;3899
420870;10337
420880;20547
420890;184579
420895;1520
420900;30684
420910;604708
420915;5019
420917;2083
420920;2248
420930;157158
420940;46424
420945;1408
420950;7154
420960;15380
420970;12122
420980;2960
420985;4530
420990;12497
421000;13347
421003;5683
421005;1757
421010;56825
421020;3465
421030;8209
421040;7461
421050;26463
421055;1703
421060;17330
421070;2442
421080;6989
421085;2257
421090;4227
421100;12034
421105;9945
421110;8263
421120;18095
421125;2884
421130;85734
421140;5163
421145;4327
421150;15010
421160;15515
421165;2366
421170;23161
421175;19201
421180;7251
421185;2197
421187;1444
421189;2352
421190;178679
421200;7321
421205;2673
421210;16144
421220;19521
421223;3284
421225;9269
421227;4072
421230;7642
421240;3931
421250;34022
421260;2733
421265;10225
421270;5873
421280;24385
421290;21103
421300;3635
421310;3637
421315;2907
421320;34561
421330;4619
421335;3426
421340;11674
421350;22466
421360;35685
421370;17965
421380;7305
421390;1526
421400;17973
421410;2279
421415;2950
421420;9773
421430;2897
421440;6199
421450;5864
421460;7552
421470;11937
421480;72931
421490;4630
421500;42684
421505;2484
421507;4525
421510;11647
421520;4584
421530;7674
421535;3727
421540;4792
421545;13128
421550;17004
421555;2178
421560;2151
421565;8397
421567;8760
421568;2317
421569;1211
421570;23907
421575;2239
421580;86317
421590;2791
421600;11456
421605;5646
421610;9422
421620;54751
421625;6423
421630;39719
421635;3784
421640;7332
421650;27322
421660;253705
421670;13811
421680;8054
421690;24501
421700;13886
421710;3162
421715;1794
421720;41246
421725;6046
421730;9874
421740;22605
421750;17610
421755;3249
421760;14176
421770;31084
421775;2386
421780;18576
421790;8648
421795;1606
421800;39889
421810;5338
421820;45703
421825;8003
421830;19455
421835;4002
421840;7104
421850;8138
421860;7506
421870;107143
421875;4507
421880;13080
421885;2364
421890;11311
421895;2453
421900;21419
421910;3569
421915;2387
421917;4411
421920;6321
421930;54145
421935;4907
421940;4032
421950;52290
421960;3873
421970;29254
421985;3432
422000;13129
430003;4981
430005;3738
430010;16344
430020;6951
430030;5710
430040;72493
430045;3287
430047;1935
430050;5885
430055;1590
430057;3043
430060;212352
430063;7136
430064;7396
430066;1351
430070;5941
430080;13041
430085;3544
430087;5840
430090;6145
430100;21121
430105;10483
430107;2966
430110;14201
430120;13452
430130;18185
430140;10422
430150;6545
430155;3517
430160;121518
430163;14645
430165;6232
430170;6616
430175;7550
430180;5237
430185;3266
430187;4238
430190;13618
430192;1621
430195;2563
430200;11167
430205;1924
430210;123090
430215;2087
430220;6712
430222;2466
430223;2628
430225;2773
430230;11270
430235;14446
430237;1858
430240;12448
430245;7691
430250;6135
430258;2099
430260;3271
430265;5132
430270;20963
430280;33476
430290;12291
430300;81552
430310;132144
430320;5083
430330;4802
430340;4659
430350;66686
430355;2750
430360;6383
430367;3402
430370;5325
430380;5422
430390;69981
430400;4273
430410;3272
430420;31475
430430;6106
430435;9707
430440;45957
430450;56370
430460;349728
430461;1693
430462;1628
430463;55009
430465;3745
430466;25462
430467;4793
430468;12183
430469;2770
430470;62413
430471;8426
430480;30630
430485;1327
430490;9070
430495;3228
430500;8631
430510;523716
430511;2865
430512;6005
430513;4720
430515;2281
430517;12579
430520;14243
430530;9211
430535;41705
430537;3228
430540;3684
430543;6832
430544;5518
430545;16897
430550;4693
430558;2466
430560;3088
430570;6766
430580;9903
430583;1490
430585;2267
430587;2521
430590;7213
430593;1602
430595;3824
430597;2731
430600;13269
430605;8121
430607;2840
430610;59561
430613;1765
430620;12457
430630;4732
430632;2718
430635;2331
430637;2991
430640;33547
430642;1992
430645;3410
430650;15556
430655;2520
430660;38222
430670;2958
430673;4380
430675;1967
430676;42490
430680;23047
430690;26039
430692;932
430693;8350
430695;2724
430697;2978
430700;107368
430705;3171
430710;6807
430720;4780
430730;6697
430740;3291
430745;2846
430750;15594
430755;5924
430760;51292
430770;83352
430780;34669
430781;3646
430783;2310
430786;2750
430790;73758
430800;6651
430805;2256
430807;4680
430810;13728
430820;31352
430825;1709
430830;10181
430840;6569
430843;2389
430845;4252
430850;31675
430860;35794
430865;2851
430870;5447
430880;8339
430885;1619
430890;16158
430900;15729
430905;8304
430910;36864
430912;2036
430915;4378
430920;285564
430925;1478
430930;98331
430940;26199
430950;7393
430955;4967
430957;3019
430960;19446
430965;6894
430970;4712
430975;4393
430980;4690
430990;7267
430995;3988
431000;20474
431010;37754
431020;84041
431030;4054
431033;23721
431036;3103
431040;6054
431041;2207
431043;6736
431046;1871
431050;7046
431053;5573
431055;3456
431057;2037
431060;37363
431065;2377
431070;3143
431075;1854
431080;25068
431085;3738
431087;2718
431090;3532
431100;26327
431110;10684
431112;3611
431113;3472
431115;8571
431120;19159
431123;2939
431125;6469
431127;1604
431130;27751
431140;86005
431142;2569
431150;7410
431160;5087
431162;6193
431164;1724
431170;5411
431171;4539
431173;2965
431175;7315
431177;6747
431179;2713
431180;45523
431190;4239
431198;3892
431200;1987
431205;3981
431210;4760
431213;2543
431215;4627
431217;1611
431220;4254
431225;8130
431230;4899
431235;1430
431237;3237
431238;2514
431240;66157
431242;3139
431244;2891
431245;6609
431247;6570
431250;12888
431260;4967
431261;3184
431262;1901
431265;17886
431267;1667
431270;11574
431275;3698
431280;4890
431290;10089
431295;1731
431300;3345
431301;2677
431303;5465
431306;22147
431308;2563
431310;6519
431320;21717
431330;28021
431333;2195
431335;3743
431337;30482
431339;4246
431340;247303
431342;3191
431344;2189
431346;1705
431349;4185
431350;46815
431360;3731
431365;11342
431370;32967
431380;7056
431390;44583
431395;8995
431400;7793
431402;7635
431403;3885
431405;59419
431406;5790
431407;6612
431410;206103
431413;2303
431415;8541
431417;1928
431420;7683
431430;3840
431440;343826
431442;5780
431445;2581
431446;1896
431447;4309
431449;4926
431450;12122
431454;3068
431455;2205
431460;20743
431470;9957
431475;2105
431477;3898
431478;1501
431480;38081
431490;1492530
431500;4514
431505;2332
431507;1258
431510;10144
431513;1586
431514;2972
431515;6235
431517;1929
431520;3861
431530;22531
431531;1860
431532;2793
431535;3810
431540;11782
431545;2068
431550;15702
431555;2571
431560;212881
431570;38257
431575;4698
431580;11556
431590;5868
431595;2270
431600;21591
431610;10633
431620;5033
431630;6750
431640;39210
431642;2601
431643;2596
431645;12512
431647;2734
431650;7975
431660;16382
431670;7813
431673;1630
431675;6755
431680;132271
431690;285159
431695;6382
431697;2593
431700;8037
431710;75647
431720;73882
431725;1722
431730;29298
431740;49298
431750;77544
431755;2118
431760;43397
431770;9930
431775;2018
431780;13813
431790;14177
431795;2287
431800;59768
431805;3091
431810;18081
431820;21871
431830;62187
431840;24569
431842;4625
431843;2535
431844;2808
431845;2491
431846;1917
431848;4924
431849;2040
431850;27866
431860;6911
431861;2464
431862;3559
431870;240378
431880;43501
431890;33124
431900;21756
431910;5336
431912;3228
431915;7692
431920;5153
431930;5654
431935;3881
431936;2025
431937;2950
431940;16100
431950;26161
431960;23492
431970;3220
431971;2248
431973;2732
431975;2288
431980;8742
431990;80514
432000;142508
432010;25024
432020;10678
432023;2875
432026;7465
432030;5114
432032;2761
432035;5635
432040;18074
432045;1889
432050;5220
432055;6586
432057;1931
432060;3607
432065;2365
432067;10152
432070;15041
432080;31067
432085;4816
432090;24973
432100;10569
432110;17363
432120;57740
432130;26907
432132;3081
432135;5484
432140;13385
432143;11323
432145;34275
432146;3078
432147;5532
432149;2753
432150;39381
432160;53507
432162;2331
432163;2620
432166;11174
432170;28948
432180;23846
432183;2643
432185;4232
432190;23799
432195;5781
432200;30159
432210;5612
432215;4585
432218;1447
432220;24182
432225;5019
432230;7730
432232;3408
432234;1952
432235;1084
432237;2306
432240;126766
432250;66916
432252;3531
432253;11873
432254;6046
432255;2130
432260;72373
432270;27325
432280;26813
432285;1776
432290;4628
432300;257330
432310;4530
432320;2840
432330;3407
432335;2070
432340;4368
432345;4274
432350;2726
432360;1553
432370;2858
432375;3052
432377;3046
432380;17126
500020;16025
500025;5489
500060;40247
500070;25336
500080;9116
500085;11081
500090;9082
500100;26386
500110;48184
500124;12511
500150;7281
500190;23620
500200;11368
500210;24842
500215;7802
500220;22401
500230;11835
500240;31005
500260;13675
500270;916001
500280;6247
500290;22063
500295;26499
500310;6158
500315;15449
500320;112669
500325;21456
500330;33547
500345;13043
500348;11547
500350;6025
500370;227990
500375;12447
500380;19152
500390;3066
500400;9934
500410;9754
500430;16273
500440;7566
500450;25478
500460;21604
500470;23277
500480;9372
500490;7342
500500;26375
500510;4015
500515;6861
500520;24040
500525;7496
500540;48944
500560;28423
500568;18578
500570;56484
500580;13794
500600;22967
500620;56057
500625;3556
500627;5751
500630;42401
500635;14576
500640;7568
500660;95320
500690;17460
500710;25310
500720;38844
500730;4758
500740;20025
500750;5120
500755;7948
500769;27660
500770;10751
500780;6555
500790;60792
500793;20158
500795;11795
500797;3588
500800;22721
500830;125137
500840;6115
510010;5309
510020;26679
510025;52105
510030;19714
510035;7092
510040;12323
510050;11587
510060;11413
510080;10431
510100;3064
510120;909
510125;17078
510130;9399
510140;23067
510160;8165
510170;35642
510180;61702
510185;6830
510190;20571
510250;95339
510260;16223
510263;36917
510267;44033
510268;7245
510269;4711
510270;22101
510279;10094
510285;8782
510300;22521
510305;12338
510310;5716
510320;33855
510325;41117
510330;21249
510335;32076
510336;4163
510337;20717
510340;623614
510343;5267
510345;9626
510350;22311
510360;8087
510370;14847
510380;3411
510385;7913
510390;5726
510395;2990
510410;36439
510420;15740
510450;2806
510452;8182
510454;7030
510455;3609
510460;13727
510480;27696
510490;8420
510500;8377
510510;35275
510515;41190
510517;16811
510520;11124
510523;6246
510525;69671
510530;2036
510550;16412
510558;10107
510560;17017
510562;28135
510590;15332
510600;5858
510610;13093
510615;16052
510617;4013
510618;6861
510619;3755
510620;3656
510621;12876
510622;48222
510623;20820
510624;12492
510625;21695
510626;9545
510627;4069
510628;4837
510629;11291
510630;23250
510631;2769
510637;17547
510642;35695
510645;2637
510650;33386
510665;6972
510670;1525
510675;46105
510677;12849
510680;5344
510682;12176
510685;2794
510700;15936
510704;63876
510706;18386
510710;18788
510715;2754
510718;10450
510719;2439
510720;5147
510724;4600
510726;3164
510729;4102
510730;21351
510735;5646
510740;4823
510757;4069
510760;239613
510770;16999
510774;2700
510775;3226
510776;3602
510777;8547
510779;5459
510780;17188
510785;11934
510787;27485
510788;1705
510790;148960
510792;94941
510794;9357
510795;107631
510800;14380
510805;9284
510810;3761
510820;3487
510830;3455
510835;3124
510840;290383
510850;11731
510860;26946
510880;4407
510885;3332
510890;9056
510895;9375
520005;9158
520010;20873
520013;22710
520015;2515
520017;5843
520020;1809
520025;222850
520030;28360
520050;1976
520055;6796
520060;7751
520080;8749
520082;3875
520085;6220
520090;3011
520110;396526
520120;1171
520130;22113
520140;601844
520145;2474
520150;4266
520160;3450
520170;20410
520180;10680
520215;7795
520235;2462
520250;10340
520260;3000
520280;2401
520310;5418
520320;11643
520330;31004
520340;8912
520350;26069
520355;10120
520357;4579
520360;3812
520380;5815
520390;9515
520393;2464
520396;3272
520400;8098
520410;12843
520420;1336
520425;7997
520430;16525
520440;19304
520450;95183
520455;3900
520460;3662
520465;3628
520470;12880
520480;7884
520485;8087
520490;20124
520495;1526
520500;10299
520505;3380
520510;113091
520520;5132
520530;9740
520540;22407
520545;8794
520547;10797
520549;74370
520551;20771
520552;3339
520570;2254
520580;11223
520590;10012
520620;61385
520630;2962
520640;17136
520650;3458
520660;2820
520670;3302
520680;2944
520690;2094
520710;2477
520725;7174
520735;3678
520740;12559
520750;3253
520753;6527
520760;5471
520780;13604
520790;17415
520800;125705
520810;4098
520815;3923
520830;4701
520840;11217
520850;5650
520860;72045
520870;1555626
520880;46278
520890;22122
520910;34307
520915;6076
520920;14206
520929;1905
520940;3801
520945;1681
520960;3742
520970;22533
520980;3450
520990;14215
520993;6275
520995;15962
521000;53655
521010;27365
521015;2892
521020;31471
521030;2772
521040;44329
521056;4684
521060;5184
521080;4412
521090;23850
521100;4380
521120;25597
521130;7337
521140;8968
521150;106845
521160;2295
521170;6001
521180;52160
521190;103221
521200;2843
521205;2497
521210;7417
521220;18266
521225;1652
521230;7663
521250;214645
521260;2358
521270;9277
521280;9234
521290;2263
521295;4321
521300;14568
521305;2575
521308;28518
521310;69477
521340;1471
521350;8759
521370;8037
521375;13935
521377;4538
521380;46955
521385;2217
521390;4120
521400;16077
521405;4540
521410;3749
521440;9375
521450;30931
521460;47064
521470;2362
521480;2236
521483;13020
521486;8063
521487;2939
521490;3208
521500;10193
521520;2775
521523;119649
521525;4592
521530;15834
521540;3679
521550;6895
521560;35011
521565;3470
521570;29915
521580;2382
521590;3578
521600;2590
521630;10221
521640;10988
521645;3156
521680;10240
521690;2135
521710;24543
521720;10161
521730;25218
521740;31909
521760;91345
521770;17899
521800;45866
521805;3979
521810;4032
521830;37924
521839;3211
521850;51323
521860;10961
521870;4832
521878;4728
521880;247259
521890;20012
521900;7630
521910;6701
521920;2782
521925;5585
521930;38962
521935;3821
521940;9110
521945;3367
521950;2200
521960;3207
521970;8386
521971;4886
521973;6593
521975;76871
521980;13305
521990;6265
522000;14423
522005;1312
522010;34488
522015;5263
522020;21849
522026;4105
522028;2040
522040;21318
522045;121447
522050;8737
522060;20938
522068;6895
522070;3040
522100;3506
522108;3538
522119;8326
522130;2830
522140;132006
522145;3497
522150;4526
522155;5447
522157;2829
522160;41150
522170;13795
522180;3056
522185;175720
522190;3848
522200;14088
522205;9002
522220;6451
522230;5941
530010;3094325